"Sr. No","Institute Code","Institute Name","CAP I","CAP II","CAP III"
1,1002,"Government College of Engineering, Amravati",Download,Download,"-"
2,1005,"Sant Gadge Baba Amravati University,Amravati",Download,Download,"-"
3,1012,"Government Engineering College, Yavatmal",Download,Download,"-"
4,1101,"Shri Sant Gajanan Maharaj College of Engineering,Shegaon",Download,Download,"-"
5,1105,"Prof. Ram Meghe Institute of Technology & Research, Amravati",Download,Download,"-"
6,1107,"P. R. Pote (Patil) Education & Welfare Trust's Group of Institution(Integrated Campus), Amravati",Download,Download,"-"
7,1114,"Sipna Shikshan Prasarak Mandal College of Engineering & Technology, Amravati",Download,Download,"-"
8,1116,"Shri Shivaji Education Society's College of Engineering and Technology, Akola",Download,Download,"-"
9,1117,"Janata Shikshan Prasarak Mandal's Babasaheb Naik College Of Engineering, Pusad",Download,Download,"-"
10,1119,"Paramhansa Ramkrishna Maunibaba Shikshan Santha's , Anuradha Engineering College, Chikhali",Download,Download,"-"
11,1120,"Jawaharlal Darda Institute of Engineering and Technology, Yavatmal",Download,Download,"-"
12,1121,"Shri Hanuman Vyayam Prasarak Mandals College of Engineering & Technology, Amravati",Download,Download,"-"
13,1123,"Dr.Rajendra Gode Institute of Technology & Research, Amravati",Download,Download,"-"
14,1125,"Dwarka Bahu Uddeshiya Gramin Vikas Foundation, Rajarshri Shahu College of Engineering, Buldhana",Download,Download,"-"
15,1126,"Shri. Dadasaheb Gawai Charitable Trust's Dr. Smt. Kamaltai Gawai Institute of Engineering & Technology, Darapur, Amravati",Download,Download,"-"
16,1127,"Jagadambha Bahuuddeshiya Gramin Vikas Sanstha's Jagdambha College of Engineering and Technology, Yavatmal",Download,Download,"-"
17,1128,"Prof Ram Meghe College of Engineering and Management, Badnera",Download,Download,"-"
18,1129,"Dhamangaon Education Society's College of Engineering and Technology, Dhamangaon",Download,Download,"-"
19,1130,"Vision Buldhana Educational & Welfare Society's Pankaj Laddhad Institute of Technology & Management Studies, Yelgaon",Download,Download,"-"
20,1148,"P. R. Pote Patil Institute of Engineering & Research, At Kathora, Amravati",Download,Download,"-"
21,1180,"Sanmati Engineering College, Sawargaon Barde, Washim",Download,Download,"-"
22,1182,"Padmashri Dr. V.B. Kolte College of Engineering, Malkapur, Buldhana",Download,Download,"-"
23,1265,"Mauli Group of Institutions, College of Engineering and Technology, Shegaon.",Download,Download,"-"
24,1268,"Siddhivinayak Technical Campus, School of Engineering & Research Technology, Shirasgon, Nile",Download,Download,"-"
25,1276,"Manav School of Engineering & Technology, Gut No. 1035 Nagpur Surat Highway, NH No. 6 Tal.Vyala, Balapur, Akola, 444302",Download,Download,"-"
26,2008,"Government College of Engineering, Aurangabad",Download,Download,"-"
27,2020,"Shri Guru Gobind Singhji Institute of Engineering and Technology, Nanded",Download,Download,"-"
28,2021,"University Department of Chemical Technology, Aurangabad",Download,Download,"-"
29,2111,"Everest Education Society, Group of Institutions (Integrated Campus), Ohar",Download,Download,"-"
30,2112,"Shree Yash Pratishthan, Shreeyash College of Engineering and Technology, Aurangabad",Download,Download,"-"
31,2113,"G. S. Mandal's Maharashtra Institute of Technology, Aurangabad",Download,Download,"-"
32,2114,"Deogiri Institute of Engineering and Management Studies, Aurangabad",Download,Download,"-"
33,2116,"Matoshri Pratishan's Group of Institutions (Integrated Campus), Kupsarwadi , Nanded",Download,Download,"-"
34,2126,"Gramodyogik Shikshan Mandal's Marathwada Institute of Technology, Aurangabad",Download,Download,"-"
35,2127,"Mahatma Gandhi Missions College of Engineering, Hingoli Rd, Nanded.",Download,Download,"-"
36,2129,"M.S. Bidve Engineering College, Latur",Download,Download,"-"
37,2130,"Terna Public Charitable Trust's College of Engineering, Osmanabad",Download,Download,"-"
38,2131,"Shree Tuljabhavani College of Engineering, Tuljapur",Download,Download,"-"
39,2132,"M.G.M.'s Jawaharlal Nehru Engineering College, Aurangabad",Download,Download,"-"
40,2133,"Mahatma Basaweshwar Education Society's College of Engineering, Ambejogai",Download,Download,"-"
41,2134,"Peoples Education Society's College of Engineering, Aurangabad",Download,Download,"-"
42,2135,"Hi-Tech Institute of Technology, Aurangabad",Download,Download,"-"
43,2136,"Aditya Engineering College , Beed",Download,Download,"-"
44,2137,"Nagnathappa Halge Engineering College, Parli, Beed",Download,Download,"-"
45,2138,"Matsyodari Shikshan Sansatha's College of Engineering and Technology, Jalna",Download,Download,"-"
46,2141,"Shri Sai Samajik Vikas Santha's Shri Sai Colllege of Engineering, Paddari Village Tal. & Dist. Aurangabad",Download,Download,"-"
47,2146,"Adarsh Shikshan Prasarak Mandal's K. T. Patil College of Engineering and Technology, Osmanabad",Download,Download,"-"
48,2250,"Aurangabad College of Engineering, Naygaon Savangi, Aurangabad",Download,Download,"-"
49,2252,"Marathwada Shikshan Prasarak Mandal's Shri Shivaji Institute of Engineering and Management Studies, Parbhani",Download,Download,"-"
50,2254,"Vilasrao Deshmukh Foundation Group of Institutions, Latur",Download,Download,"-"
51,2255,"Balaghat Engineering College,Ruddha, Ahmedpur",Download,Download,"-"
52,2516,"International Centre of Excellence in Engineering & Management, Aurangabad.",Download,Download,"-"
53,2522,"STMEI's Sandipani Technical Campus-Faculty of Engineering, Latur.",Download,Download,"-"
54,2533,"CSMSS Chh. Shahu College of Engineering, Aurangabad",Download,Download,"-"
55,2573,"Gramin College of Engineering, Vishnupuri, Nanded",Download,Download,"-"
56,3012,"Veermata Jijabai Technological Institute(VJTI), Matunga, Mumbai",Download,Download,"-"
57,3014,"Sardar Patel College of Engineering, Andheri",Download,Download,"-"
58,3033,"Dr. Babasaheb Ambedkar Technological University, Lonere",Download,Download,"-"
59,3035,"Usha Mittal Institute of Technology SNDT Women's University, Mumbai",Download,Download,"-"
60,3135,"Manjara Charitable Trust's Rajiv Gandhi Institute of Technology, Mumbai",Download,Download,"-"
61,3139,"Vidyalankar Institute of Technology,Wadala, Mumbai",Download,Download,"-"
62,3146,"Jawahar Education Society's Annasaheb Chudaman Patil College of Engineering,Kharghar, Navi Mumbai",Download,Download,"-"
63,3148,"Mahavir Education Trust's Shah & Anchor Kutchhi Engineering College, Mumbai",Download,Download,"-"
64,3154,"Saraswati Education Society's Saraswati College of Engineering,Kharghar Navi Mumbai",Download,Download,"-"
65,3174,"Ramrao Adik Edu Soc, Ramarao Adik Institute of Tech., Navi Mumbai",Download,Download,"-"
66,3175,"M.G.M.'s College of Engineering and Technology, Kamothe, Navi Mumbai",Download,Download,"-"
67,3176,"Thakur College of Engineering and Technology, Kandivali, Mumbai",Download,Download,"-"
68,3181,"K.J.Somaiya College of Engineering, Vidyavihar, Mumbai",Download,Download,"-"
69,3182,"Thadomal Shahani Engineering College, Bandra, Mumbai",Download,Download,"-"
70,3183,"Anjuman-I-Islam's M.H. Saboo Siddik College of Engineering, Byculla, Mumbai",Download,Download,"-"
71,3184,"Fr. Conceicao Rodrigues College of Engineering, Bandra,Mumbai",Download,Download,"-"
72,3185,"Vivekanand Education Society's Institute of Technology, Chembur, Mumbai",Download,Download,"-"
73,3187,"N.Y.S.S.'s Datta Meghe College of Engineering, Airoli, Navi Mumbai",Download,Download,"-"
74,3188,"Padmabhushan Vasantdada Patil Pratishthans College of Engineering, Sion,Mumbai",Download,Download,"-"
75,3189,"Bharati Vidyapeeth College of Engineering, Navi Mumbai",Download,Download,"-"
76,3190,"Terna Engineering College, Nerul, Navi Mumbai",Download,Download,"-"
77,3192,"Smt. Indira Gandhi College of Engineering, Navi Mumbai",Download,Download,"-"
78,3193,"Shivajirao S. Jondhale College of Engineering, Dombivali,Mumbai",Download,Download,"-"
79,3194,"Vidyavardhini's College of Engineering and Technology, Vasai",Download,Download,"-"
80,3196,"Lokmanya Tilak College of Engineering, Kopar Khairane, Navi Mumbai",Download,Download,"-"
81,3197,"Agnel Charities' FR. C. Rodrigues Institute of Technology, Vashi, Navi Mumbai",Download,Download,"-"
82,3198,"Konkan Gyanpeeth College of Engineering, Karjat",Download,Download,"-"
83,3199,"Shri Vile Parle Kelvani Mandal's Dwarkadas J. Sanghvi College of Engineering, Vile Parle,Mumbai",Download,Download,"-"
84,3200,"Hope Foundation and research center's Finolex Academy of Management and Technology, Ratnagiri",Download,Download,"-"
85,3201,"Rizvi Education Society's Rizvi College of Engineering, Bandra,Mumbai",Download,Download,"-"
86,3202,"Rajendra Mane College of Engineering & Technology Ambav Deorukh",Download,Download,"-"
87,3203,"Atharva College of Engineering,Malad(West),Mumbai",Download,Download,"-"
88,3204,"St. Francis Institute of Technology,Borivali, Mumbai",Download,Download,"-"
89,3206,"S.S.P.M.'s College of Engineering, Kankavli",Download,Download,"-"
90,3207,"Mahatma Education Society's Pillai College of Engineering, New Panvel",Download,Download,"-"
91,3208,"Don Bosco Institute of Technology, Mumbai",Download,Download,"-"
92,3209,"K J Somaiya Institute of Engineering and Information Technology, Sion, Mumbai",Download,Download,"-"
93,3210,"Excelsior Education Society's K.C. College of Engineering and Management Studies and Research, Kopri, Thane (E)",Download,Download,"-"
94,3211,"S.I.E.S. Graduate School of Technology, Nerul, Navi Mumbai",Download,Download,"-"
95,3212,"WATUMULL INSTITUTE OF ELECTRONICS ENGINEERING & COMPUTER TECHNOLOGY, ULHASNAGAR",Download,Download,"-"
96,3214,"Xavier Institute Of Engineering C/O Xavier Technical Institute,Mahim,Mumbai",Download,Download,"-"
97,3215,"Bhartiya Vidya Bhavan's Sardar Patel Institute of Technology , Andheri, Mumbai",Download,Download,"-"
98,3216,"Gharda Foundation's Gharda Institute of Technology,Khed, Ratnagiri",Download,Download,"-"
99,3217,"Vighnaharata Trust's Shivajirao S. Jondhale College of Engineering & Technology, Shahapur, Asangaon, Dist Thane",Download,Download,"-"
100,3218,"Aldel Education Trust's St. John College of Engineering & Management, Vevoor, Palghar",Download,Download,"-"
101,3219,"Koti Vidya Charitable Trust's Smt. Alamuri Ratnamala Institute of Engineering and Technology, Sapgaon, Tal. Shahapur",Download,Download,"-"
102,3221,"Late Shri. Vishnu Waman Thakur Charitable Trust, Viva Institute of Technology, Shirgaon",Download,Download,"-"
103,3222,"Haji Jamaluddin Thim Trust's Theem College of Engineering, At. Villege Betegaon, Boisar",Download,Download,"-"
104,3223,"Mahatma Education Society's Pillai HOC College of Engineering & Technology, Tal. Khalapur. Dist. Raigad",Download,Download,"-"
105,3224,"Leela Education Society, G.V. Acharya Institute of Engineering and Technology, Shelu, Karjat",Download,Download,"-"
106,3351,"Bharat College of Engineering, Kanhor, Badlapur(W)",Download,Download,"-"
107,3353,"Dilkap Research Institute Of Engineering and Management Studies, At.Mamdapur, Post- Neral, Tal- Karjat, Mumbai",Download,Download,"-"
108,3423,"Shree L.R. Tiwari College of Engineering, Mira Road, Mumbai",Download,Download,"-"
109,3436,"B.R. Harne College of Engineering & Technology, Karav, Tal-Ambernath.",Download,Download,"-"
110,3439,"Anjuman-I-Islam's Kalsekar Technical Campus, Panvel",Download,Download,"-"
111,3440,"Metropolitan Institute of Technology & Management, Sukhalwad, Sindhudurg.",Download,Download,"-"
112,3445,"Vishvatmak Jangli Maharaj Ashram Trust's Vishvatmak Om Gurudev College of Engineering, Mohili-Aghai, Shahpur.",Download,Download,"-"
113,3447,"G.M.Vedak Institute of Technology, Tala, Raigad.",Download,Download,"-"
114,3460,"Universal College of Engineering,Kaman Dist. Palghar",Download,Download,"-"
115,3462,"VPM's Maharshi Parshuram College of Engineering, Velneshwar, Ratnagiri.",Download,Download,"-"
116,3465,"Ideal Institute of Technology, Wada, Dist.Thane",Download,Download,"-"
117,3467,"Vishwaniketan's Institute of Management Entrepreneurship and Engineering Technology(i MEET), Khalapur Dist Raigad",Download,Download,"-"
118,3471,"New Horizon Institute of Technology & Management, Thane",Download,Download,"-"
119,3475,"A. P. Shah Institute of Technology, Thane",Download,Download,"-"
120,3477,"Chhartrapati Shivaji Maharaj Institute of Technology, Shedung, Panvel",Download,Download,"-"
121,4004,"Government College of Engineering, Chandrapur",Download,Download,"-"
122,4005,"Laxminarayan Institute of Technology, Nagpur",Download,Download,"-"
123,4025,"Government College of Engineering, Nagpur",Download,Download,"-"
124,4104,"Kavi Kulguru Institute of Technology & Science, Ramtek",Download,Download,"-"
125,4115,"Shri Ramdeobaba College of Engineering and Management, Nagpur",Download,Download,"-"
126,4116,"Ankush Shikshan Sanstha's G.H.Raisoni College of Engineering, Nagpur",Download,Download,"-"
127,4118,"Bapurao Deshmukh College of Engineering, Sevagram",Download,Download,"-"
128,4123,"Lokmanya Tilak Jankalyan Shikshan Sanstha, Priyadarshani College of Engineering, Nagpur",Download,Download,"-"
129,4133,"Sanmarg Shikshan Sanstha's Smt. Radhikatai Pandav College of Engineering, Nagpur",Download,Download,"-"
130,4134,"Guru Nanak Institute of Engineering & Technology,Kalmeshwar, Nagpur",Download,Download,"-"
131,4135,"Amar Seva Mandal's Shree Govindrao Vanjari College of Engineering & Technology, Nagpur",Download,Download,"-"
132,4136,"Lokmanya Tilak Jankalyan Shikshan Sastha, Priyadarshini J. L. College Of Engineering, Nagpur",Download,Download,"-"
133,4137,"Sir Shantilal Badjate Charitable Trust's S. B. Jain Institute of technology, Management & Research, Nagpur",Download,Download,"-"
134,4138,"Jaidev Education Society, J D College of Engineering and Management, Nagpur",Download,Download,"-"
135,4139,"Samridhi Sarwajanik Charitable Trust, Jhulelal Institute of Technology, Nagpur",Download,Download,"-"
136,4141,"Shriram Gram Vikas Shikshan Sanstha, Vilasrao Deshmukh College of Engineering and Technology, Nagpur",Download,Download,"-"
137,4142,"Ankush Shikshan Sanstha's G. H. Raisoni Institute of Engineering & Technology, Nagpur",Download,Download,"-"
138,4143,"Sanmarg Shikshan Sanstha, Mandukarrao Pandav College of Engineering, Bhandara,Nagpur",Download,Download,"-"
139,4144,"Shri. Sai Shikshan Sanstha, Nagpur Institute of Technology, Nagpur",Download,Download,"-"
140,4145,"Wainganga College of Engineering and Management, Dongargaon, Nagpur",Download,Download,"-"
141,4147,"K.D.K. College of Engineering, Nagpur",Download,Download,"-"
142,4151,"Vidarbha Bahu-Uddeshiya Shikshan Sanstha's Tulshiramji Gaikwad Patil College of Engineering & Technology, Nagpur",Download,Download,"-"
143,4163,"Rajiv Gandhi College of Engineering Research & Technology Chandrapur",Download,Download,"-"
144,4167,"Yeshwantrao Chavan College of Engineering,Wanadongri, Nagpur",Download,Download,"-"
145,4171,"Lokmanya Tilak Jankalyan Shikshan Sanstha's , Priyadarshini Institute of Engineering and Technology, Nagpur",Download,Download,"-"
146,4172,"Anjuman College of Engineering & Technology, Nagpur",Download,Download,"-"
147,4174,"ST. Vincent Pallotti College of Engineering & Technology, Nagpur",Download,Download,"-"
148,4175,"JMSS Shri Shankarprasad Agnihotri College of Engineering, Wardha",Download,Download,"-"
149,4177,"Priyadarshini Bhagwati College of Engineering, Harpur Nagar, Umred Road,Nagpur",Download,Download,"-"
150,4178,"Rajiv Gandhi College of Engineering & Research, Hingna Road, Nagpur",Download,Download,"-"
151,4179,"Lokmanya Tilak Jankalyan Shiksan Sanstha, Priyadarshini Indira Gandhi College of Engineering, Nagpur",Download,Download,"-"
152,4181,"Sarvasiddhanta Education Soc's Nuva College of Engineering and Technology, Nagpur",Download,Download,"-"
153,4186,"Datta Meghe Institute of Medical Science's Datta Meghe Institute of Engineering & Technology & Research, Savangi (Meghe)",Download,Download,"-"
154,4187,"Dr. Babasaheb Ambedkar College of Engineering and Research, Wanadongri, Nagpur",Download,Download,"-"
155,4188,"Krushi Jivan Vikas Pratishthan, Ballarpur Institute of Technology, Mouza Bamni",Download,Download,"-"
156,4190,"M.D. Yergude Memorial Shikshan Prasarak Mandal's Shri Sai College of Engineering & Technology, Badravati",Download,Download,"-"
157,4192,"Maitraya Education Society, Nagarjuna Institute of Engineering Technology & Management, Nagpur",Download,Download,"-"
158,4193,"K.D.M. Education Society, Vidharbha Institute of Technology,Umred Road ,Nagpur",Download,Download,"-"
159,4195,"Vidharbha Bahu uddeshiya Shikshan Sanstha's Abha Gaikwad ï¿½ Patil College of Engineering, Nagpur",Download,Download,"-"
160,4196,"Gurunanak Educational Society's Gurunanak Institute of Technology, Nagpur",Download,Download,"-"
161,4197,"Jai Mahakali Shikshan Sanstha, Agnihotri College of Engineering, Sindhi(Meghe)",Download,Download,"-"
162,4285,"V M Institute of Engineering and Technology, Dongargaon, Nagpur",Download,Download,"-"
163,4302,"Gondia Education Society's Manoharbhai Patel Institute Of Engineering & Technology, Shahapur, Bhandara",Download,Download,"-"
164,4304,"Cummins College of Engineering For Women, Sukhali (Gupchup), Tal. Hingna Hingna Nagpur",Download,Download,"-"
165,4305,"G.H.Raisoni Academy of Engineering & Technology, Nagpur",Download,Download,"-"
166,4613,"Suryodaya College of Engineering & Technology, Nagpur",Download,Download,"-"
167,4648,"R.V. Parankar College of Engineering & Technology, Arvi, Dist Wardha",Download,Download,"-"
168,4649,"Bajaj Institute of Technology, Wardha",Download,Download,"-"
169,5003,"University Institute of Chemical Technology, North Maharashtra University, Jalgaon",Download,Download,"-"
170,5004,"Government College of Engineering, Jalgaon",Download,Download,"-"
171,5103,"Shri Shivaji Vidya Prasarak Sanstha's Late Bapusaheb Shivaji Rao Deore College of Engineering,Dhule",Download,Download,"-"
172,5104,"Shramsadhana Bombay Trust, College of Engineering & Technology, Jalgaon",Download,Download,"-"
173,5105,"G.H. Raisoni Institute of Engineering and Management, Jalgaon",Download,Download,"-"
174,5106,"K. C. E. Societys College of Engineering and Information Technology, Jalgaon",Download,Download,"-"
175,5107,"Shri Gulabrao Deokar College of Engineering, Jalgaon",Download,Download,"-"
176,5108,"Nashik District Maratha Vidya Prasarak Samaj's Karmaveer Adv.Babaurao Ganpatrao Thakare College of Engineering, Nashik",Download,Download,"-"
177,5109,"Sandip Foundation, Sandip Institute of Technology and Research Centre, Mahiravani, Nashik",Download,Download,"-"
178,5121,"K. K. Wagh Institute of Engineering Education and Research, Nashik",Download,Download,"-"
179,5124,"Jagadamba Education Soc. Nashik's S.N.D. College of Engineering & Reserch, Babulgaon",Download,Download,"-"
180,5125,"Pravara Rural Education Society's Sir Visvesvaraya Institute of Technology, Chincholi Dist. Nashik",Download,Download,"-"
181,5130,"Brahma Valley College of Engineering & Research, Trimbakeshwar, Nashik",Download,Download,"-"
182,5139,"Pravara Rural College of Engineering, Loni, Pravaranagar, Ahmednagar.",Download,Download,"-"
183,5151,"MET Bhujbal Knowledge City MET League's Engineering College, Adgaon, Nashik.",Download,Download,"-"
184,5160,"Sanjivani Rural Education Society's Sanjivani College of Engineering, Kopargaon",Download,Download,"-"
185,5161,"Dr. Vithalrao Vikhe Patil College of Engineering, Ahmednagar",Download,Download,"-"
186,5162,"Amrutvahini Sheti & Shikshan Vikas Sanstha's Amrutvahini College of Engineering, Sangamner",Download,Download,"-"
187,5164,"P.S.G.V.P. Mandal's D.N. Patel College of Engineering, Shahada, Dist. Nandurbar",Download,Download,"-"
188,5168,"T.M.E. Society's J.T.Mahajan College of Engineering, Faizpur",Download,Download,"-"
189,5169,"Nagaon Education Society's Gangamai College of Engineering, Nagaon, Tal Dist Dhule",Download,Download,"-"
190,5170,"Hindi Seva Mandal's Shri Sant Gadgebaba College of Engineering & Technology, Bhusawal",Download,Download,"-"
191,5171,"Godavari Foundation's Godavari College Of Engineering, Jalgaon",Download,Download,"-"
192,5172,"R. C. Patel Institute of Technology, Shirpur",Download,Download,"-"
193,5173,"SNJB's Late Sau. Kantabai Bhavarlalji Jain College of Engineering, (Jain Gurukul), Neminagar,Chandwad,(Nashik)",Download,Download,"-"
194,5176,"G. H. Raisoni College of Engineering and Management, Ahmednagar",Download,Download,"-"
195,5177,"Matoshri College of Engineering and Research Centre, Eklahare, Nashik",Download,Download,"-"
196,5179,"Vishwabharati Academy's College of Engineering, Ahmednagar",Download,Download,"-"
197,5181,"Gokhale Education Society's, R.H. Sapat College of Engineering, Management Studies and Research, Nashik",Download,Download,"-"
198,5182,"Kalyani Charitable Trust, Late Gambhirrao Natuba Sapkal College of Engineering, Anjaneri, Trimbakeshwar Road, Nashik",Download,Download,"-"
199,5184,"Amruta Vaishnavi Education & Welfare Trust's Shatabdi Institute of Engineering & Research, Agaskhind Tal. Sinnar",Download,Download,"-"
200,5303,"Hon. Shri. Babanrao Pachpute Vichardhara Trust, Group of Institutions (Integrated Campus)-Parikrama, Kashti Shrigondha,",Download,Download,"-"
201,5322,"Jamia Institute Of Engineering And Management Studies, Akkalkuwa",Download,Download,"-"
202,5330,"Pune Vidyarthi Griha's College Of Engineering, Nashik",Download,Download,"-"
203,5331,"Sandip Foundation's, Sandip Institute of Engineering & Management, Nashik",Download,Download,"-"
204,5380,"Adsul's Technical Campus, Chas Dist. Ahmednagar",Download,Download,"-"
205,5381,"Shri. Jaykumar Rawal Institute of Technology, Dondaicha.",Download,Download,"-"
206,5382,"Ahmednagar Jilha Maratha Vidya Prasarak Samajache, Shri. Chhatrapati Shivaji Maharaj College of Engineering, Nepti",Download,Download,"-"
207,5390,"K.V.N. Naik S. P. Sansth's Loknete Gopinathji Munde Institute of Engineering Education & Research, Nashik.",Download,Download,"-"
208,5396,"College of Engineering and Technology ,North Maharashtra Knowledge City, Jalgaon",Download,Download,"-"
209,5399,"Sanghavi College of Engineering, Varvandi, Nashik.",Download,Download,"-"
210,5401,"Jawahar Education Society's Institute of Technology, Management & Research, Nashik.",Download,Download,"-"
211,5408,"Vidya Niketan College of Engineering, Bota Sangamner",Download,Download,"-"
212,5409,"Rajiv Gandhi College of Engineering, At Post Karjule Hariya Tal.Parner, Dist.Ahmednagar",Download,Download,"-"
213,5411,"Maulana Mukhtar Ahmad Nadvi Technical Campus, Malegaon.",Download,Download,"-"
214,5418,"Guru Gobind Singh College of Engineering & Research Centre, Nashik.",Download,Download,"-"
215,5449,"Shri. Vile Parle Kelavani Mandal's Institute of Technology, Dhule",Download,Download,"-"
216,6004,"Government College of Engineering & Research, Avasari Khurd",Download,Download,"-"
217,6005,"Government College of Engineering, Karad",Download,Download,"-"
218,6006,"College of Engineering, Pune",Download,Download,"-"
219,6007,"Walchand College of Engineering, Sangli",Download,Download,"-"
220,6028,"Department of Technology, Shivaji University, Kolhapur",Download,Download,"-"
221,6122,"TSSMS's Pd. Vasantdada Patil Institute of Technology, Bavdhan, Pune",Download,Download,"-"
222,6138,"Genba Sopanrao Moze Trust Parvatibai Genba Moze College of Engineering,Wagholi, Pune",Download,Download,"-"
223,6139,"Progressive Education Society's Modern College of Engineering, Pune",Download,Download,"-"
224,6141,"Jaywant Shikshan Prasarak Mandal's,Rajarshi Shahu College of Engineering, Tathawade, Pune",Download,Download,"-"
225,6144,"Genba Sopanrao Moze College of Engineering, Baner-Balewadi, Pune",Download,Download,"-"
226,6145,"JSPM'S Jaywantrao Sawant College of Engineering,Pune",Download,Download,"-"
227,6146,"MIT Academy of Engineering,Alandi, Pune",Download,Download,"-"
228,6149,"Choudhary Attar Singh Yadav Memorial Trust,Siddhant College of Engineering, Maval",Download,Download,"-"
229,6155,"G.H.Raisoni College of Engineering & Management, Wagholi, Pune",Download,Download,"-"
230,6156,"Marathwada Mitra Mandal's College of Engineering, Karvenagar, Pune",Download,Download,"-"
231,6160,"JSPM's Imperial College of Engineering and Research, Wagholi, Pune",Download,Download,"-"
232,6175,"Pimpri Chinchwad Education Trust, Pimpri Chinchwad College of Engineering, Pune",Download,Download,"-"
233,6176,"G. H.Raisoni Institute of Engineering and Technology, Wagholi, Pune",Download,Download,"-"
234,6177,"Sinhgad College of Engineering, Vadgaon (BK), Pune",Download,Download,"-"
235,6178,"Sinhgad Technical Education Society's Smt. Kashibai Navale College of Engineering,Vadgaon,Pune",Download,Download,"-"
236,6179,"Indira College of Engineering & Management, Pune",Download,Download,"-"
237,6182,"Sinhgad Technical Education Society, Sinhgad Institute of Technology and Science, Narhe (Ambegaon)",Download,Download,"-"
238,6183,"Al-Ameen Educational and Medical Foundation, College of Engineering, Koregaon, Bhima",Download,Download,"-"
239,6184,"K. J.'s Educational Institut Trinity College of Engineering and Research, Pisoli, Haveli",Download,Download,"-"
240,6185,"Sinhagad Institute of Technology, Lonavala",Download,Download,"-"
241,6187,"Sinhgad Academy of Engineering, Kondhwa (BK) Kondhwa-Saswad Road, Pune",Download,Download,"-"
242,6203,"Marathwada Mitra Mandal's Institute of Technology, Lohgaon, Pune",Download,Download,"-"
243,6206,"Pune District Education Association's College of Engineering, Pune",Download,Download,"-"
244,6207,"Dr. D. Y. Patil Vidya Pratishthan Society Dr .D. Y. Patil Institute of Engineering & Technology, Pimpri,Pune",Download,Download,"-"
245,6214,"K. E. Society's Rajarambapu Institute of Technology, Walwa, Sangli",Download,Download,"-"
246,6217,"Shri. Balasaheb Mane Prasarak Mandals, Ashokrao Mane Group of Institutions, Kolhapur",Download,Download,"-"
247,6219,"KSGBS's Bharat- Ratna Indira Gandhi College of Engineering, Kegaon, Solapur",Download,Download,"-"
248,6220,"Shri Vithal Education and Research Institute's College of Engineering, Pandharpur",Download,Download,"-"
249,6222,"Dattajirao Kadam Technical Education Society's Textile & Engineering Institute, Ichalkaranji.",Download,Download,"-"
250,6223,"Pradnya Niketan Education Society's Nagesh Karajagi Orchid College of Engineering & Technology, Solapur",Download,Download,"-"
251,6250,"D.Y. Patil College of Engineering and Technology, Kolhapur",Download,Download,"-"
252,6265,"Walchand Institute of Technology, Solapur",Download,Download,"-"
253,6267,"Kolhapur Institute of Technology's College of Engineering(Autonomous), Kolhapur",Download,Download,"-"
254,6268,"Tatyasaheb Kore Institute of Engineering and Technology, Warananagar",Download,Download,"-"
255,6269,"Shetkari Shikshan Mandal's Pad. Vasantraodada Patil Institute of Technology, Budhgaon, Sangli",Download,Download,"-"
256,6270,"Rayat Shikshan Sanstha's Karmaveer Bhaurao Patil College of Engineering, Satara",Download,Download,"-"
257,6271,"Pune Institute of Computer Technology, Dhankavdi, Pune",Download,Download,"-"
258,6272,"Dr. D. Y. Patil Pratishthan's D.Y.Patil College of Engineering Akurdi, Pune",Download,Download,"-"
259,6273,"Bansilal Ramnath Agarawal Charitable Trust's Vishwakarma Institute of Technology, Bibwewadi, Pune",Download,Download,"-"
260,6274,"Pune Vidyarthi Griha's College of Engineering and Technology, Pune",Download,Download,"-"
261,6275,"Shivnagar Vidya Prasarak Mandal's College of Engineering, Malegaon-Baramati",Download,Download,"-"
262,6276,"MKSSS's Cummins College of Engineering for Women, Karvenagar,Pune",Download,Download,"-"
263,6277,"Dr. J. J. Magdum Charitable Trust's Dr. J.J. Magdum College of Engineering, Jaysingpur",Download,Download,"-"
264,6278,"All India Shri Shivaji Memorial Society's College of Engineering, Pune",Download,Download,"-"
265,6281,"Modern Education Society's College of Engineering, Pune",Download,Download,"-"
266,6282,"All India Shri Shivaji Memorial Society's Institute of Information Technology,Pune",Download,Download,"-"
267,6283,"Annasaheb Dange College of Engineering and Technology, Ashta, Sangli",Download,Download,"-"
268,6284,"Vidya Pratishthan's Kamalnayan Bajaj Institute of Engineering & Technology, Baramati Dist.Pune",Download,Download,"-"
269,6285,"Bharati Vidyapeeth's College of Engineering for Women, Katraj, Dhankawadi, Pune",Download,Download,"-"
270,6288,"Bharati Vidyapeeth's College of Engineering, Kolhapur",Download,Download,"-"
271,6289,"B.R.A.C.T's Vishwakarma Institute of Information Technology, Kondhwa (Bk.), Pune",Download,Download,"-"
272,6293,"Kai Amdar Bramhadevdada Mane Shikshan & Samajik Prathistan's Bramhadevdada Mane Institute of Technology, Solapur",Download,Download,"-"
273,6298,"Zeal Education Society's Zeal College of Engineering & Reserch, Narhe, Pune",Download,Download,"-"
274,6303,"Dr. Ashok Gujar Technical Institute's Dr. Daulatrao Aher College of Engineering, Karad",Download,Download,"-"
275,6304,"Loknete Hanumantrao Charitable Trust's Adarsh Institute of Technology and Research Centre, Vita,Sangli",Download,Download,"-"
276,6305,"S.D.N.C.R.E.S'S.Late Narayandas Bhawandas Chhabada Institute of Engineering & Technology, Satara",Download,Download,"-"
277,6307,"Dhole Patil Education Society, Dhole Patil College of Engineering, Wagholi, Tal. Haveli",Download,Download,"-"
278,6308,"Shanti Education Society, A.G. Patil Institute of Technology, Soregaon, Solapur(North)",Download,Download,"-"
279,6310,"Nutan Maharashtra Vidya Prasarak Mandal, Nutan Maharashtra Institute of Engineering &Technology, Talegaon station, Pune",Download,Download,"-"
280,6311,"Jayawant Shikshan Prasarak Mandal, Bhivarabai Sawant Institute of Technology & Research, Wagholi",Download,Download,"-"
281,6313,"Jaywant College of Engineering & Management, Kille Macchindragad Tal. Walva",Download,Download,"-"
282,6315,"Holy-Wood Academy's Sanjeevan Engineering and Technology Institute, Panhala",Download,Download,"-"
283,6317,"Sharad Institute of Technology College of Engineering, Yadrav(Ichalkaranji)",Download,Download,"-"
284,6318,"Abhinav Education Society's College of Engineering and Technology (Degree), Wadwadi",Download,Download,"-"
285,6319,"Shahajirao Patil Vikas Pratishthan, S.B.Patil College of Engineering, Vangali, Tal. Indapur",Download,Download,"-"
286,6320,"K.J.'s Educational Institute's K.J.College of Engineering & Management Research, Pisoli",Download,Download,"-"
287,6321,"Vidya Vikas Pratishthan Institute of Engineering and Technology, Solapur",Download,Download,"-"
288,6322,"Shree Gajanan Maharaj Shikshan Prasarak Manda'l Sharadchandra Pawar College of Engineering, Dumbarwadi",Download,Download,"-"
289,6323,"D. Y. Patil College of Engineering, Ambi, Talegaon, Maval",Download,Download,"-"
290,6324,"Rajgad Dnyanpeeth's Technical Campus,Dhangwadi, Bhor",Download,Download,"-"
291,6325,"Alard Charitable Trust's Alard College of Engineering and Management, Pune",Download,Download,"-"
292,6326,"Shri Pandurang Pratishtan, Karmayogi Engineering College, Shelve, Pandharpur",Download,Download,"-"
293,6419,"Nutan College of Engineering and Research, Talegaon Dabhade Tal. Maval, Pune",Download,Download,"-"
294,6466,"Shree Santkrupa Shikshan Sanstha, Shree Santkrupa Institute Of Engineering & Technology, Karad",Download,Download,"-"
295,6545,"Samarth Education Trust's Arvind Gavali College Of Engineering Panwalewadi, Varye,Satara.",Download,Download,"-"
296,6609,"Jaihind College Of Engineering,Kuran",Download,Download,"-"
297,6620,"D. Y. Patil Institute of Engineering and Technology, Ambi",Download,Download,"-"
298,6622,"I.S.B.& M. School of Technology, Nande Village",Download,Download,"-"
299,6625,"Universal College of Engineering & Research, Sasewadi",Download,Download,"-"
300,6628,"Dattakala Group Of Institutions, Swami - Chincholi Tal. Daund Dist. Pune",Download,Download,"-"
301,6632,"Navsahyadri Education Society's Group of Institutions",Download,Download,"-"
302,6634,"KJEI's Trinity Academy of Engineering, Yewalewadi, Pune",Download,Download,"-"
303,6635,"Samarth Group of Institutions, Bangarwadi, Post Belhe Tal. Junnar Dist. Pune",Download,Download,"-"
304,6640,"N. B. Navale Sinhgad College of Engineering, Kegaon, solapur",Download,Download,"-"
305,6643,"S K N Sinhgad College of Engineering, Korti Tal. Pandharpur Dist Solapur",Download,Download,"-"
306,6644,"Shri. Ambabai Talim Sanstha's Sanjay Bhokare Group of Institutes, Miraj",Download,Download,"-"
307,6649,"TSSM's Bhivarabai Sawant College of Engineering and Research, Narhe, Pune",Download,Download,"-"
308,6732,"Dr. D. Y. Patil School OF Engineering, Lohegaon, Pune",Download,Download,"-"
309,6754,"International Institute of Information Technology (I2IT), Pune.",Download,Download,"-"
310,6755,"JSPM Narhe Technical Campus, Pune.",Download,Download,"-"
311,6756,"Fabtech Technical Campus College of Engineering and Research, Sangola",Download,Download,"-"
312,6757,"Yashoda Technical Campus, Wadhe, Satara.",Download,Download,"-"
313,6758,"Sahyadri Valley College of Engineering & Technology, Rajuri, Pune.",Download,Download,"-"
314,6759,"Shree Ramchandra College of Engineering, Lonikand,Pune",Download,Download,"-"
315,6762,"Nanasaheb Mahadik College of Engineering,Walwa, Sangli.",Download,Download,"-"
316,6766,"Phaltan Education Society's College of Engineering Thakurki Tal- Phaltan Dist-Satara",Download,Download,"-"
317,6767,"Suman Ramesh Tulsiani Technical Campus: Faculty of Engineering, Kamshet,Pune.",Download,Download,"-"
318,6768,"P.K. Technical Campus, Pune.",Download,Download,"-"
319,6769,"Rasiklal M. Dhariwal Sinhgad Technical Institutes Campus, Warje, Pune.",Download,Download,"-"
320,6770,"SKN Sinhgad Institute of Technology & Science, Kusgaon(BK),Pune.",Download,Download,"-"
321,6772,"NBN Sinhgad Technical Institutes Campus, Pune",Download,Download,"-"
322,6780,"D.Y.Patil Education Society's,D.Y.Patil Technical Campus, Faculty of Engineering & Faculty of Management,Talsande,Kolhapur.",Download,Download,"-"
323,6781,"Bhagwant Institute of Technology, Barshi",Download,Download,"-"
324,6782,"Sahakar Maharshee Shankarrao Mohite Patil Institute of Technology & Research, Akluj",Download,Download,"-"
325,6786,"Dr. D. Y. Patil School of Engineering & Technology, Charholi(Bk), Via Lohgaon, Pune",Download,Download,"-"
326,6787,"Dr. D. Y. Patil Educational Academy's, D.Y.Patil School of Engineering Academy, Ambi",Download,Download,"-"
327,6794,"Anantrao Pawar College of Engineering & Research, Pune",Download,Download,"-"
328,6795,"Shri.Someshwar Shikshan Prasarak Mandals, Someshwar Engineering College, Someshwar Nagar",Download,Download,"-"
329,6796,"Bharati Vidyapeeth's College of Engineering,Lavale, Pune",Download,Download,"-"
330,6797,"Dnyanshree Institute Engineering and Technology, Satara",Download,Download,"-"
331,6802,"Dr. D.Y.Patil Institute of Engineering, Management & Reseach, Akurdi, Pune",Download,Download,"-"
332,6803,"Sant Gajanan Maharaj College of Engineering, Gadhinglaj",Download,Download,"-"
333,6808,"Keystone School of Engineering, Pune",Download,Download,"-"
334,6815,"Vidya Prasarini Sabha's College of Engineering & Technology, Lonavala",Download,Download,"-"
335,6822,"Pimpri Chinchwad Education Trust's Pimpri Chinchwad College Of Engineering And Research, Ravet",Download,Download,"-"
336,6834,"Dr.D.Y.Patil College Of Engineering & Innovation,Talegaon",Download,Download,"-"
337,6839,"Dr. D Y Patil Pratishthan's College of Engineering, Kolhapur",Download,Download,"-"
338,6878,"Dr. A. D. Shinde College Of Engineering, Tal.Gadhinglaj, Kolhapur",Download,Download,"-"
339,6901,"MAEER's MIT College of Railway Engineering and Research, Jamgaon, Barshi",Download,Download,"-"