,Institute Code,Institute Name
0,1002,"Government College of Engineering, Amravati"
1,1005,"Sant Gadge Baba Amravati University,Amravati"
2,1012,"Government Engineering College, Yavatmal"
3,1101,"Shri Sant Gajanan Maharaj College of Engineering,Shegaon"
4,1105,"Prof. Ram Meghe Institute of Technology & Research, Amravati"
5,1107,"P. R. Pote (Patil) Education & Welfare Trust's Group of Institution(Integrated Campus), Amravati"
6,1114,"Sipna Shikshan Prasarak Mandal College of Engineering & Technology, Amravati"
7,1116,"Shri Shivaji Education Society's College of Engineering and Technology, Akola"
8,1117,"Janata Shikshan Prasarak Mandal's Babasaheb Naik College Of Engineering, Pusad"
9,1119,"Paramhansa Ramkrishna Maunibaba Shikshan Santha's , Anuradha Engineering College, Chikhali"
10,1120,"Jawaharlal Darda Institute of Engineering and Technology, Yavatmal"
11,1121,"Shri Hanuman Vyayam Prasarak Mandals College of Engineering & Technology, Amravati"
12,1123,"Dr.Rajendra Gode Institute of Technology & Research, Amravati"
13,1125,"Dwarka Bahu Uddeshiya Gramin Vikas Foundation, Rajarshri Shahu College of Engineering, Buldhana"
14,1126,"Shri. Dadasaheb Gawai Charitable Trust's Dr. Smt. Kamaltai Gawai Institute of Engineering & Technology, Darapur, Amravati"
15,1127,"Jagadambha Bahuuddeshiya Gramin Vikas Sanstha's Jagdambha College of Engineering and Technology, Yavatmal"
16,1128,"Prof Ram Meghe College of Engineering and Management, Badnera"
17,1129,"Dhamangaon Education Society's College of Engineering and Technology, Dhamangaon"
18,1130,"Vision Buldhana Educational & Welfare Society's Pankaj Laddhad Institute of Technology & Management Studies, Yelgaon"
19,1148,"P. R. Pote Patil Institute of Engineering & Research, At Kathora, Amravati"
20,1180,"Sanmati Engineering College, Sawargaon Barde, Washim"
21,1182,"Padmashri Dr. V.B. Kolte College of Engineering, Malkapur, Buldhana"
22,1265,"Mauli Group of Institutions, College of Engineering and Technology, Shegaon."
23,1268,"Siddhivinayak Technical Campus, School of Engineering & Research Technology, Shirasgon, Nile"
24,1276,"Manav School of Engineering & Technology, Gut No. 1035 Nagpur Surat Highway, NH No. 6 Tal.Vyala, Balapur, Akola, 444302"
25,2008,"Government College of Engineering, Aurangabad"
26,2020,"Shri Guru Gobind Singhji Institute of Engineering and Technology, Nanded"
27,2021,"University Department of Chemical Technology, Aurangabad"
28,2111,"Everest Education Society, Group of Institutions (Integrated Campus), Ohar"
29,2112,"Shree Yash Pratishthan, Shreeyash College of Engineering and Technology, Aurangabad"
30,2113,"G. S. Mandal's Maharashtra Institute of Technology, Aurangabad"
31,2114,"Deogiri Institute of Engineering and Management Studies, Aurangabad"
32,2116,"Matoshri Pratishan's Group of Institutions (Integrated Campus), Kupsarwadi , Nanded"
33,2126,"Gramodyogik Shikshan Mandal's Marathwada Institute of Technology, Aurangabad"
34,2127,"Mahatma Gandhi Missions College of Engineering, Hingoli Rd, Nanded."
35,2129,"M.S. Bidve Engineering College, Latur"
36,2130,"Terna Public Charitable Trust's College of Engineering, Osmanabad"
37,2131,"Shree Tuljabhavani College of Engineering, Tuljapur"
38,2132,"M.G.M.'s Jawaharlal Nehru Engineering College, Aurangabad"
39,2133,"Mahatma Basaweshwar Education Society's College of Engineering, Ambejogai"
40,2134,"Peoples Education Society's College of Engineering, Aurangabad"
41,2135,"Hi-Tech Institute of Technology, Aurangabad"
42,2136,"Aditya Engineering College , Beed"
43,2137,"Nagnathappa Halge Engineering College, Parli, Beed"
44,2138,"Matsyodari Shikshan Sansatha's College of Engineering and Technology, Jalna"
45,2141,"Shri Sai Samajik Vikas Santha's Shri Sai Colllege of Engineering, Paddari Village Tal. & Dist. Aurangabad"
46,2146,"Adarsh Shikshan Prasarak Mandal's K. T. Patil College of Engineering and Technology, Osmanabad"
47,2250,"Aurangabad College of Engineering, Naygaon Savangi, Aurangabad"
48,2252,"Marathwada Shikshan Prasarak Mandal's Shri Shivaji Institute of Engineering and Management Studies, Parbhani"
49,2254,"Vilasrao Deshmukh Foundation Group of Institutions, Latur"
50,2255,"Balaghat Engineering College,Ruddha, Ahmedpur"
51,2516,"International Centre of Excellence in Engineering & Management, Aurangabad."
52,2522,"STMEI's Sandipani Technical Campus-Faculty of Engineering, Latur."
53,2533,"CSMSS Chh. Shahu College of Engineering, Aurangabad"
54,2573,"Gramin College of Engineering, Vishnupuri, Nanded"
55,3012,"Veermata Jijabai Technological Institute(VJTI), Matunga, Mumbai"
56,3014,"Sardar Patel College of Engineering, Andheri"
57,3033,"Dr. Babasaheb Ambedkar Technological University, Lonere"
58,3035,"Usha Mittal Institute of Technology SNDT Women's University, Mumbai"
59,3135,"Manjara Charitable Trust's Rajiv Gandhi Institute of Technology, Mumbai"
60,3139,"Vidyalankar Institute of Technology,Wadala, Mumbai"
61,3146,"Jawahar Education Society's Annasaheb Chudaman Patil College of Engineering,Kharghar, Navi Mumbai"
62,3148,"Mahavir Education Trust's Shah & Anchor Kutchhi Engineering College, Mumbai"
63,3154,"Saraswati Education Society's Saraswati College of Engineering,Kharghar Navi Mumbai"
64,3174,"Ramrao Adik Edu Soc, Ramarao Adik Institute of Tech., Navi Mumbai"
65,3175,"M.G.M.'s College of Engineering and Technology, Kamothe, Navi Mumbai"
66,3176,"Thakur College of Engineering and Technology, Kandivali, Mumbai"
67,3181,"K.J.Somaiya College of Engineering, Vidyavihar, Mumbai"
68,3182,"Thadomal Shahani Engineering College, Bandra, Mumbai"
69,3183,"Anjuman-I-Islam's M.H. Saboo Siddik College of Engineering, Byculla, Mumbai"
70,3184,"Fr. Conceicao Rodrigues College of Engineering, Bandra,Mumbai"
71,3185,"Vivekanand Education Society's Institute of Technology, Chembur, Mumbai"
72,3187,"N.Y.S.S.'s Datta Meghe College of Engineering, Airoli, Navi Mumbai"
73,3188,"Padmabhushan Vasantdada Patil Pratishthans College of Engineering, Sion,Mumbai"
74,3189,"Bharati Vidyapeeth College of Engineering, Navi Mumbai"
75,3190,"Terna Engineering College, Nerul, Navi Mumbai"
76,3192,"Smt. Indira Gandhi College of Engineering, Navi Mumbai"
77,3193,"Shivajirao S. Jondhale College of Engineering, Dombivali,Mumbai"
78,3194,"Vidyavardhini's College of Engineering and Technology, Vasai"
79,3196,"Lokmanya Tilak College of Engineering, Kopar Khairane, Navi Mumbai"
80,3197,"Agnel Charities' FR. C. Rodrigues Institute of Technology, Vashi, Navi Mumbai"
81,3198,"Konkan Gyanpeeth College of Engineering, Karjat"
82,3199,"Shri Vile Parle Kelvani Mandal's Dwarkadas J. Sanghvi College of Engineering, Vile Parle,Mumbai"
83,3200,"Hope Foundation and research center's Finolex Academy of Management and Technology, Ratnagiri"
84,3201,"Rizvi Education Society's Rizvi College of Engineering, Bandra,Mumbai"
85,3202,Rajendra Mane College of Engineering & Technology Ambav Deorukh
86,3203,"Atharva College of Engineering,Malad(West),Mumbai"
87,3204,"St. Francis Institute of Technology,Borivali, Mumbai"
88,3206,"S.S.P.M.'s College of Engineering, Kankavli"
89,3207,"Mahatma Education Society's Pillai College of Engineering, New Panvel"
90,3208,"Don Bosco Institute of Technology, Mumbai"
91,3209,"K J Somaiya Institute of Engineering and Information Technology, Sion, Mumbai"
92,3210,"Excelsior Education Society's K.C. College of Engineering and Management Studies and Research, Kopri, Thane (E)"
93,3211,"S.I.E.S. Graduate School of Technology, Nerul, Navi Mumbai"
94,3212,"WATUMULL INSTITUTE OF ELECTRONICS ENGINEERING & COMPUTER TECHNOLOGY, ULHASNAGAR"
95,3214,"Xavier Institute Of Engineering C/O Xavier Technical Institute,Mahim,Mumbai"
96,3215,"Bhartiya Vidya Bhavan's Sardar Patel Institute of Technology , Andheri, Mumbai"
97,3216,"Gharda Foundation's Gharda Institute of Technology,Khed, Ratnagiri"
98,3217,"Vighnaharata Trust's Shivajirao S. Jondhale College of Engineering & Technology, Shahapur, Asangaon, Dist Thane"
99,3218,"Aldel Education Trust's St. John College of Engineering & Management, Vevoor, Palghar"
100,3219,"Koti Vidya Charitable Trust's Smt. Alamuri Ratnamala Institute of Engineering and Technology, Sapgaon, Tal. Shahapur"
101,3221,"Late Shri. Vishnu Waman Thakur Charitable Trust, Viva Institute of Technology, Shirgaon"
102,3222,"Haji Jamaluddin Thim Trust's Theem College of Engineering, At. Villege Betegaon, Boisar"
103,3223,"Mahatma Education Society's Pillai HOC College of Engineering & Technology, Tal. Khalapur. Dist. Raigad"
104,3224,"Leela Education Society, G.V. Acharya Institute of Engineering and Technology, Shelu, Karjat"
105,3351,"Bharat College of Engineering, Kanhor, Badlapur(W)"
106,3353,"Dilkap Research Institute Of Engineering and Management Studies, At.Mamdapur, Post- Neral, Tal- Karjat, Mumbai"
107,3423,"Shree L.R. Tiwari College of Engineering, Mira Road, Mumbai"
108,3436,"B.R. Harne College of Engineering & Technology, Karav, Tal-Ambernath."
109,3439,"Anjuman-I-Islam's Kalsekar Technical Campus, Panvel"
110,3440,"Metropolitan Institute of Technology & Management, Sukhalwad, Sindhudurg."
111,3445,"Vishvatmak Jangli Maharaj Ashram Trust's Vishvatmak Om Gurudev College of Engineering, Mohili-Aghai, Shahpur."
112,3447,"G.M.Vedak Institute of Technology, Tala, Raigad."
113,3460,"Universal College of Engineering,Kaman Dist. Palghar"
114,3462,"VPM's Maharshi Parshuram College of Engineering, Velneshwar, Ratnagiri."
115,3465,"Ideal Institute of Technology, Wada, Dist.Thane"
116,3467,"Vishwaniketan's Institute of Management Entrepreneurship and Engineering Technology(i MEET), Khalapur Dist Raigad"
117,3471,"New Horizon Institute of Technology & Management, Thane"
118,3475,"A. P. Shah Institute of Technology, Thane"
119,3477,"Chhartrapati Shivaji Maharaj Institute of Technology, Shedung, Panvel"
120,4004,"Government College of Engineering, Chandrapur"
121,4005,"Laxminarayan Institute of Technology, Nagpur"
122,4025,"Government College of Engineering, Nagpur"
123,4104,"Kavi Kulguru Institute of Technology & Science, Ramtek"
124,4115,"Shri Ramdeobaba College of Engineering and Management, Nagpur"
125,4116,"Ankush Shikshan Sanstha's G.H.Raisoni College of Engineering, Nagpur"
126,4118,"Bapurao Deshmukh College of Engineering, Sevagram"
127,4123,"Lokmanya Tilak Jankalyan Shikshan Sanstha, Priyadarshani College of Engineering, Nagpur"
128,4133,"Sanmarg Shikshan Sanstha's Smt. Radhikatai Pandav College of Engineering, Nagpur"
129,4134,"Guru Nanak Institute of Engineering & Technology,Kalmeshwar, Nagpur"
130,4135,"Amar Seva Mandal's Shree Govindrao Vanjari College of Engineering & Technology, Nagpur"
131,4136,"Lokmanya Tilak Jankalyan Shikshan Sastha, Priyadarshini J. L. College Of Engineering, Nagpur"
132,4137,"Sir Shantilal Badjate Charitable Trust's S. B. Jain Institute of technology, Management & Research, Nagpur"
133,4138,"Jaidev Education Society, J D College of Engineering and Management, Nagpur"
134,4139,"Samridhi Sarwajanik Charitable Trust, Jhulelal Institute of Technology, Nagpur"
135,4141,"Shriram Gram Vikas Shikshan Sanstha, Vilasrao Deshmukh College of Engineering and Technology, Nagpur"
136,4142,"Ankush Shikshan Sanstha's G. H. Raisoni Institute of Engineering & Technology, Nagpur"
137,4143,"Sanmarg Shikshan Sanstha, Mandukarrao Pandav College of Engineering, Bhandara,Nagpur"
138,4144,"Shri. Sai Shikshan Sanstha, Nagpur Institute of Technology, Nagpur"
139,4145,"Wainganga College of Engineering and Management, Dongargaon, Nagpur"
140,4147,"K.D.K. College of Engineering, Nagpur"
141,4151,"Vidarbha Bahu-Uddeshiya Shikshan Sanstha's Tulshiramji Gaikwad Patil College of Engineering & Technology, Nagpur"
142,4163,Rajiv Gandhi College of Engineering Research & Technology Chandrapur
143,4167,"Yeshwantrao Chavan College of Engineering,Wanadongri, Nagpur"
144,4171,"Lokmanya Tilak Jankalyan Shikshan Sanstha's , Priyadarshini Institute of Engineering and Technology, Nagpur"
145,4172,"Anjuman College of Engineering & Technology, Nagpur"
146,4174,"ST. Vincent Pallotti College of Engineering & Technology, Nagpur"
147,4175,"JMSS Shri Shankarprasad Agnihotri College of Engineering, Wardha"
148,4177,"Priyadarshini Bhagwati College of Engineering, Harpur Nagar, Umred Road,Nagpur"
149,4178,"Rajiv Gandhi College of Engineering & Research, Hingna Road, Nagpur"
150,4179,"Lokmanya Tilak Jankalyan Shiksan Sanstha, Priyadarshini Indira Gandhi College of Engineering, Nagpur"
151,4181,"Sarvasiddhanta Education Soc's Nuva College of Engineering and Technology, Nagpur"
152,4186,"Datta Meghe Institute of Medical Science's Datta Meghe Institute of Engineering & Technology & Research, Savangi (Meghe)"
153,4187,"Dr. Babasaheb Ambedkar College of Engineering and Research, Wanadongri, Nagpur"
154,4188,"Krushi Jivan Vikas Pratishthan, Ballarpur Institute of Technology, Mouza Bamni"
155,4190,"M.D. Yergude Memorial Shikshan Prasarak Mandal's Shri Sai College of Engineering & Technology, Badravati"
156,4192,"Maitraya Education Society, Nagarjuna Institute of Engineering Technology & Management, Nagpur"
157,4193,"K.D.M. Education Society, Vidharbha Institute of Technology,Umred Road ,Nagpur"
158,4195,"Vidharbha Bahu uddeshiya Shikshan Sanstha's Abha Gaikwad ï¿½ Patil College of Engineering, Nagpur"
159,4196,"Gurunanak Educational Society's Gurunanak Institute of Technology, Nagpur"
160,4197,"Jai Mahakali Shikshan Sanstha, Agnihotri College of Engineering, Sindhi(Meghe)"
161,4285,"V M Institute of Engineering and Technology, Dongargaon, Nagpur"
162,4302,"Gondia Education Society's Manoharbhai Patel Institute Of Engineering & Technology, Shahapur, Bhandara"
163,4304,"Cummins College of Engineering For Women, Sukhali (Gupchup), Tal. Hingna Hingna Nagpur"
164,4305,"G.H.Raisoni Academy of Engineering & Technology, Nagpur"
165,4613,"Suryodaya College of Engineering & Technology, Nagpur"
166,4648,"R.V. Parankar College of Engineering & Technology, Arvi, Dist Wardha"
167,4649,"Bajaj Institute of Technology, Wardha"
168,5003,"University Institute of Chemical Technology, North Maharashtra University, Jalgaon"
169,5004,"Government College of Engineering, Jalgaon"
170,5103,"Shri Shivaji Vidya Prasarak Sanstha's Late Bapusaheb Shivaji Rao Deore College of Engineering,Dhule"
171,5104,"Shramsadhana Bombay Trust, College of Engineering & Technology, Jalgaon"
172,5105,"G.H. Raisoni Institute of Engineering and Management, Jalgaon"
173,5106,"K. C. E. Societys College of Engineering and Information Technology, Jalgaon"
174,5107,"Shri Gulabrao Deokar College of Engineering, Jalgaon"
175,5108,"Nashik District Maratha Vidya Prasarak Samaj's Karmaveer Adv.Babaurao Ganpatrao Thakare College of Engineering, Nashik"
176,5109,"Sandip Foundation, Sandip Institute of Technology and Research Centre, Mahiravani, Nashik"
177,5121,"K. K. Wagh Institute of Engineering Education and Research, Nashik"
178,5124,"Jagadamba Education Soc. Nashik's S.N.D. College of Engineering & Reserch, Babulgaon"
179,5125,"Pravara Rural Education Society's Sir Visvesvaraya Institute of Technology, Chincholi Dist. Nashik"
180,5130,"Brahma Valley College of Engineering & Research, Trimbakeshwar, Nashik"
181,5139,"Pravara Rural College of Engineering, Loni, Pravaranagar, Ahmednagar."
182,5151,"MET Bhujbal Knowledge City MET League's Engineering College, Adgaon, Nashik."
183,5160,"Sanjivani Rural Education Society's Sanjivani College of Engineering, Kopargaon"
184,5161,"Dr. Vithalrao Vikhe Patil College of Engineering, Ahmednagar"
185,5162,"Amrutvahini Sheti & Shikshan Vikas Sanstha's Amrutvahini College of Engineering, Sangamner"
186,5164,"P.S.G.V.P. Mandal's D.N. Patel College of Engineering, Shahada, Dist. Nandurbar"
187,5168,"T.M.E. Society's J.T.Mahajan College of Engineering, Faizpur"
188,5169,"Nagaon Education Society's Gangamai College of Engineering, Nagaon, Tal Dist Dhule"
189,5170,"Hindi Seva Mandal's Shri Sant Gadgebaba College of Engineering & Technology, Bhusawal"
190,5171,"Godavari Foundation's Godavari College Of Engineering, Jalgaon"
191,5172,"R. C. Patel Institute of Technology, Shirpur"
192,5173,"SNJB's Late Sau. Kantabai Bhavarlalji Jain College of Engineering, (Jain Gurukul), Neminagar,Chandwad,(Nashik)"
193,5176,"G. H. Raisoni College of Engineering and Management, Ahmednagar"
194,5177,"Matoshri College of Engineering and Research Centre, Eklahare, Nashik"
195,5179,"Vishwabharati Academy's College of Engineering, Ahmednagar"
196,5181,"Gokhale Education Society's, R.H. Sapat College of Engineering, Management Studies and Research, Nashik"
197,5182,"Kalyani Charitable Trust, Late Gambhirrao Natuba Sapkal College of Engineering, Anjaneri, Trimbakeshwar Road, Nashik"
198,5184,"Amruta Vaishnavi Education & Welfare Trust's Shatabdi Institute of Engineering & Research, Agaskhind Tal. Sinnar"
199,5303,"Hon. Shri. Babanrao Pachpute Vichardhara Trust, Group of Institutions (Integrated Campus)-Parikrama, Kashti Shrigondha,"
200,5322,"Jamia Institute Of Engineering And Management Studies, Akkalkuwa"
201,5330,"Pune Vidyarthi Griha's College Of Engineering, Nashik"
202,5331,"Sandip Foundation's, Sandip Institute of Engineering & Management, Nashik"
203,5380,"Adsul's Technical Campus, Chas Dist. Ahmednagar"
204,5381,"Shri. Jaykumar Rawal Institute of Technology, Dondaicha."
205,5382,"Ahmednagar Jilha Maratha Vidya Prasarak Samajache, Shri. Chhatrapati Shivaji Maharaj College of Engineering, Nepti"
206,5390,"K.V.N. Naik S. P. Sansth's Loknete Gopinathji Munde Institute of Engineering Education & Research, Nashik."
207,5396,"College of Engineering and Technology ,North Maharashtra Knowledge City, Jalgaon"
208,5399,"Sanghavi College of Engineering, Varvandi, Nashik."
209,5401,"Jawahar Education Society's Institute of Technology, Management & Research, Nashik."
210,5408,"Vidya Niketan College of Engineering, Bota Sangamner"
211,5409,"Rajiv Gandhi College of Engineering, At Post Karjule Hariya Tal.Parner, Dist.Ahmednagar"
212,5411,"Maulana Mukhtar Ahmad Nadvi Technical Campus, Malegaon."
213,5418,"Guru Gobind Singh College of Engineering & Research Centre, Nashik."
214,5449,"Shri. Vile Parle Kelavani Mandal's Institute of Technology, Dhule"
215,6004,"Government College of Engineering & Research, Avasari Khurd"
216,6005,"Government College of Engineering, Karad"
217,6006,"College of Engineering, Pune"
218,6007,"Walchand College of Engineering, Sangli"
219,6028,"Department of Technology, Shivaji University, Kolhapur"
220,6122,"TSSMS's Pd. Vasantdada Patil Institute of Technology, Bavdhan, Pune"
221,6138,"Genba Sopanrao Moze Trust Parvatibai Genba Moze College of Engineering,Wagholi, Pune"
222,6139,"Progressive Education Society's Modern College of Engineering, Pune"
223,6141,"Jaywant Shikshan Prasarak Mandal's,Rajarshi Shahu College of Engineering, Tathawade, Pune"
224,6144,"Genba Sopanrao Moze College of Engineering, Baner-Balewadi, Pune"
225,6145,"JSPM'S Jaywantrao Sawant College of Engineering,Pune"
226,6146,"MIT Academy of Engineering,Alandi, Pune"
227,6149,"Choudhary Attar Singh Yadav Memorial Trust,Siddhant College of Engineering, Maval"
228,6155,"G.H.Raisoni College of Engineering & Management, Wagholi, Pune"
229,6156,"Marathwada Mitra Mandal's College of Engineering, Karvenagar, Pune"
230,6160,"JSPM's Imperial College of Engineering and Research, Wagholi, Pune"
231,6175,"Pimpri Chinchwad Education Trust, Pimpri Chinchwad College of Engineering, Pune"
232,6176,"G. H.Raisoni Institute of Engineering and Technology, Wagholi, Pune"
233,6177,"Sinhgad College of Engineering, Vadgaon (BK), Pune"
234,6178,"Sinhgad Technical Education Society's Smt. Kashibai Navale College of Engineering,Vadgaon,Pune"
235,6179,"Indira College of Engineering & Management, Pune"
236,6182,"Sinhgad Technical Education Society, Sinhgad Institute of Technology and Science, Narhe (Ambegaon)"
237,6183,"Al-Ameen Educational and Medical Foundation, College of Engineering, Koregaon, Bhima"
238,6184,"K. J.'s Educational Institut Trinity College of Engineering and Research, Pisoli, Haveli"
239,6185,"Sinhagad Institute of Technology, Lonavala"
240,6187,"Sinhgad Academy of Engineering, Kondhwa (BK) Kondhwa-Saswad Road, Pune"
241,6203,"Marathwada Mitra Mandal's Institute of Technology, Lohgaon, Pune"
242,6206,"Pune District Education Association's College of Engineering, Pune"
243,6207,"Dr. D. Y. Patil Vidya Pratishthan Society Dr .D. Y. Patil Institute of Engineering & Technology, Pimpri,Pune"
244,6214,"K. E. Society's Rajarambapu Institute of Technology, Walwa, Sangli"
245,6217,"Shri. Balasaheb Mane Prasarak Mandals, Ashokrao Mane Group of Institutions, Kolhapur"
246,6219,"KSGBS's Bharat- Ratna Indira Gandhi College of Engineering, Kegaon, Solapur"
247,6220,"Shri Vithal Education and Research Institute's College of Engineering, Pandharpur"
248,6222,"Dattajirao Kadam Technical Education Society's Textile & Engineering Institute, Ichalkaranji."
249,6223,"Pradnya Niketan Education Society's Nagesh Karajagi Orchid College of Engineering & Technology, Solapur"
250,6250,"D.Y. Patil College of Engineering and Technology, Kolhapur"
251,6265,"Walchand Institute of Technology, Solapur"
252,6267,"Kolhapur Institute of Technology's College of Engineering(Autonomous), Kolhapur"
253,6268,"Tatyasaheb Kore Institute of Engineering and Technology, Warananagar"
254,6269,"Shetkari Shikshan Mandal's Pad. Vasantraodada Patil Institute of Technology, Budhgaon, Sangli"
255,6270,"Rayat Shikshan Sanstha's Karmaveer Bhaurao Patil College of Engineering, Satara"
256,6271,"Pune Institute of Computer Technology, Dhankavdi, Pune"
257,6272,"Dr. D. Y. Patil Pratishthan's D.Y.Patil College of Engineering Akurdi, Pune"
258,6273,"Bansilal Ramnath Agarawal Charitable Trust's Vishwakarma Institute of Technology, Bibwewadi, Pune"
259,6274,"Pune Vidyarthi Griha's College of Engineering and Technology, Pune"
260,6275,"Shivnagar Vidya Prasarak Mandal's College of Engineering, Malegaon-Baramati"
261,6276,"MKSSS's Cummins College of Engineering for Women, Karvenagar,Pune"
262,6277,"Dr. J. J. Magdum Charitable Trust's Dr. J.J. Magdum College of Engineering, Jaysingpur"
263,6278,"All India Shri Shivaji Memorial Society's College of Engineering, Pune"
264,6281,"Modern Education Society's College of Engineering, Pune"
265,6282,"All India Shri Shivaji Memorial Society's Institute of Information Technology,Pune"
266,6283,"Annasaheb Dange College of Engineering and Technology, Ashta, Sangli"
267,6284,"Vidya Pratishthan's Kamalnayan Bajaj Institute of Engineering & Technology, Baramati Dist.Pune"
268,6285,"Bharati Vidyapeeth's College of Engineering for Women, Katraj, Dhankawadi, Pune"
269,6288,"Bharati Vidyapeeth's College of Engineering, Kolhapur"
270,6289,"B.R.A.C.T's Vishwakarma Institute of Information Technology, Kondhwa (Bk.), Pune"
271,6293,"Kai Amdar Bramhadevdada Mane Shikshan & Samajik Prathistan's Bramhadevdada Mane Institute of Technology, Solapur"
272,6298,"Zeal Education Society's Zeal College of Engineering & Reserch, Narhe, Pune"
273,6303,"Dr. Ashok Gujar Technical Institute's Dr. Daulatrao Aher College of Engineering, Karad"
274,6304,"Loknete Hanumantrao Charitable Trust's Adarsh Institute of Technology and Research Centre, Vita,Sangli"
275,6305,"S.D.N.C.R.E.S'S.Late Narayandas Bhawandas Chhabada Institute of Engineering & Technology, Satara"
276,6307,"Dhole Patil Education Society, Dhole Patil College of Engineering, Wagholi, Tal. Haveli"
277,6308,"Shanti Education Society, A.G. Patil Institute of Technology, Soregaon, Solapur(North)"
278,6310,"Nutan Maharashtra Vidya Prasarak Mandal, Nutan Maharashtra Institute of Engineering &Technology, Talegaon station, Pune"
279,6311,"Jayawant Shikshan Prasarak Mandal, Bhivarabai Sawant Institute of Technology & Research, Wagholi"
280,6313,"Jaywant College of Engineering & Management, Kille Macchindragad Tal. Walva"
281,6315,"Holy-Wood Academy's Sanjeevan Engineering and Technology Institute, Panhala"
282,6317,"Sharad Institute of Technology College of Engineering, Yadrav(Ichalkaranji)"
283,6318,"Abhinav Education Society's College of Engineering and Technology (Degree), Wadwadi"
284,6319,"Shahajirao Patil Vikas Pratishthan, S.B.Patil College of Engineering, Vangali, Tal. Indapur"
285,6320,"K.J.'s Educational Institute's K.J.College of Engineering & Management Research, Pisoli"
286,6321,"Vidya Vikas Pratishthan Institute of Engineering and Technology, Solapur"
287,6322,"Shree Gajanan Maharaj Shikshan Prasarak Manda'l Sharadchandra Pawar College of Engineering, Dumbarwadi"
288,6323,"D. Y. Patil College of Engineering, Ambi, Talegaon, Maval"
289,6324,"Rajgad Dnyanpeeth's Technical Campus,Dhangwadi, Bhor"
290,6325,"Alard Charitable Trust's Alard College of Engineering and Management, Pune"
291,6326,"Shri Pandurang Pratishtan, Karmayogi Engineering College, Shelve, Pandharpur"
292,6419,"Nutan College of Engineering and Research, Talegaon Dabhade Tal. Maval, Pune"
293,6466,"Shree Santkrupa Shikshan Sanstha, Shree Santkrupa Institute Of Engineering & Technology, Karad"
294,6545,"Samarth Education Trust's Arvind Gavali College Of Engineering Panwalewadi, Varye,Satara."
295,6609,"Jaihind College Of Engineering,Kuran"
296,6620,"D. Y. Patil Institute of Engineering and Technology, Ambi"
297,6622,"I.S.B.& M. School of Technology, Nande Village"
298,6625,"Universal College of Engineering & Research, Sasewadi"
299,6628,"Dattakala Group Of Institutions, Swami - Chincholi Tal. Daund Dist. Pune"
300,6632,Navsahyadri Education Society's Group of Institutions
301,6634,"KJEI's Trinity Academy of Engineering, Yewalewadi, Pune"
302,6635,"Samarth Group of Institutions, Bangarwadi, Post Belhe Tal. Junnar Dist. Pune"
303,6640,"N. B. Navale Sinhgad College of Engineering, Kegaon, solapur"
304,6643,"S K N Sinhgad College of Engineering, Korti Tal. Pandharpur Dist Solapur"
305,6644,"Shri. Ambabai Talim Sanstha's Sanjay Bhokare Group of Institutes, Miraj"
306,6649,"TSSM's Bhivarabai Sawant College of Engineering and Research, Narhe, Pune"
307,6732,"Dr. D. Y. Patil School OF Engineering, Lohegaon, Pune"
308,6754,"International Institute of Information Technology (I2IT), Pune."
309,6755,"JSPM Narhe Technical Campus, Pune."
310,6756,"Fabtech Technical Campus College of Engineering and Research, Sangola"
311,6757,"Yashoda Technical Campus, Wadhe, Satara."
312,6758,"Sahyadri Valley College of Engineering & Technology, Rajuri, Pune."
313,6759,"Shree Ramchandra College of Engineering, Lonikand,Pune"
314,6762,"Nanasaheb Mahadik College of Engineering,Walwa, Sangli."
315,6766,Phaltan Education Society's College of Engineering Thakurki Tal- Phaltan Dist-Satara
316,6767,"Suman Ramesh Tulsiani Technical Campus: Faculty of Engineering, Kamshet,Pune."
317,6768,"P.K. Technical Campus, Pune."
318,6769,"Rasiklal M. Dhariwal Sinhgad Technical Institutes Campus, Warje, Pune."
319,6770,"SKN Sinhgad Institute of Technology & Science, Kusgaon(BK),Pune."
320,6772,"NBN Sinhgad Technical Institutes Campus, Pune"
321,6780,"D.Y.Patil Education Society's,D.Y.Patil Technical Campus, Faculty of Engineering & Faculty of Management,Talsande,Kolhapur."
322,6781,"Bhagwant Institute of Technology, Barshi"
323,6782,"Sahakar Maharshee Shankarrao Mohite Patil Institute of Technology & Research, Akluj"
324,6786,"Dr. D. Y. Patil School of Engineering & Technology, Charholi(Bk), Via Lohgaon, Pune"
325,6787,"Dr. D. Y. Patil Educational Academy's, D.Y.Patil School of Engineering Academy, Ambi"
326,6794,"Anantrao Pawar College of Engineering & Research, Pune"
327,6795,"Shri.Someshwar Shikshan Prasarak Mandals, Someshwar Engineering College, Someshwar Nagar"
328,6796,"Bharati Vidyapeeth's College of Engineering,Lavale, Pune"
329,6797,"Dnyanshree Institute Engineering and Technology, Satara"
330,6802,"Dr. D.Y.Patil Institute of Engineering, Management & Reseach, Akurdi, Pune"
331,6803,"Sant Gajanan Maharaj College of Engineering, Gadhinglaj"
332,6808,"Keystone School of Engineering, Pune"
333,6815,"Vidya Prasarini Sabha's College of Engineering & Technology, Lonavala"
334,6822,"Pimpri Chinchwad Education Trust's Pimpri Chinchwad College Of Engineering And Research, Ravet"
335,6834,"Dr.D.Y.Patil College Of Engineering & Innovation,Talegaon"
336,6839,"Dr. D Y Patil Pratishthan's College of Engineering, Kolhapur"
337,6878,"Dr. A. D. Shinde College Of Engineering, Tal.Gadhinglaj, Kolhapur"
338,6901,"MAEER's MIT College of Railway Engineering and Research, Jamgaon, Barshi"
